-- 说明：
-- 1) 该脚本用于开发/测试环境初始化数据（MySQL 8）。
-- 2) 默认密码统一为 123456（BCrypt），便于本地登录测试。

SET NAMES utf8mb4;
SET @PWD_HASH = '$2a$10$cqWA1ASF9oznY//LME/xAegLqAcrVMllXcPfby7JT5RR8b8XH7eGS';

INSERT INTO `user` (`id`, `username`, `password_hash`, `real_name`, `role`, `status`)
VALUES
  -- 10 个学生
  (1001, '20260001', @PWD_HASH, '学生01', 'STUDENT', 1),
  (1002, '20260002', @PWD_HASH, '学生02', 'STUDENT', 1),
  (1003, '20260003', @PWD_HASH, '学生03', 'STUDENT', 1),
  (1004, '20260004', @PWD_HASH, '学生04', 'STUDENT', 1),
  (1005, '20260005', @PWD_HASH, '学生05', 'STUDENT', 1),
  (1006, '20260006', @PWD_HASH, '学生06', 'STUDENT', 1),
  (1007, '20260007', @PWD_HASH, '学生07', 'STUDENT', 1),
  (1008, '20260008', @PWD_HASH, '学生08', 'STUDENT', 1),
  (1009, '20260009', @PWD_HASH, '学生09', 'STUDENT', 1),
  (1010, '20260010', @PWD_HASH, '学生10', 'STUDENT', 1),

  -- 10 个导师
  (2001, 'T20260001', @PWD_HASH, '导师01', 'TEACHER', 1),
  (2002, 'T20260002', @PWD_HASH, '导师02', 'TEACHER', 1),
  (2003, 'T20260003', @PWD_HASH, '导师03', 'TEACHER', 1),
  (2004, 'T20260004', @PWD_HASH, '导师04', 'TEACHER', 1),
  (2005, 'T20260005', @PWD_HASH, '导师05', 'TEACHER', 1),
  (2006, 'T20260006', @PWD_HASH, '导师06', 'TEACHER', 1),
  (2007, 'T20260007', @PWD_HASH, '导师07', 'TEACHER', 1),
  (2008, 'T20260008', @PWD_HASH, '导师08', 'TEACHER', 1),
  (2009, 'T20260009', @PWD_HASH, '导师09', 'TEACHER', 1),
  (2010, 'T20260010', @PWD_HASH, '导师10', 'TEACHER', 1),

  -- 1 个管理员
  (9001, 'admin',     @PWD_HASH, '系统管理员', 'ADMIN',   1);

-- 学生档案
INSERT INTO student_profile (user_id, major, major_courses, grade, interest_desc, tag_mode)
VALUES
  (1001, '大数据管理与应用', '数据结构，数据库系统，Python，机器学习，数据挖掘，统计学，运筹学', '大四',
   '对数据挖掘、推荐系统、教育数据分析感兴趣，希望做一个可落地的应用型课题。', 'BOTH'),
  (1002, '软件工程', '面向对象，软件测试，需求分析，Java Web，数据库，Linux', '大四',
   '想做后端工程与系统架构相关课题，偏工程实践。', 'BOTH'),
  (1003, '人工智能', '机器学习，深度学习，计算机视觉，Python，概率统计，线性代数', '大四',
   '对视觉与多模态方向感兴趣，想做模型落地与评测。', 'BOTH'),
  (1004, '金融学', '金融市场，计量经济学，风险管理，Python，数据分析', '大四',
   '希望做金融风控或量化相关课题，注重可解释与合规。', 'BOTH'),
  (1005, '工商管理', '运营管理，市场营销，数据分析，Excel，问卷设计', '大四',
   '对用户增长、需求预测与运营优化类课题感兴趣。', 'BOTH'),
  (1006, '教育技术', '教学设计，学习分析，数据挖掘，Python，教育测量', '大四',
   '关注学习行为分析与教学评价，希望做教育数据产品。', 'BOTH'),
  (1007, '信息管理', '数据库，信息检索，数据治理，项目管理，Python', '大四',
   '对数据治理、知识管理与检索增强方向感兴趣。', 'BOTH'),
  (1008, '计算机科学', '操作系统，计算机网络，编译原理，C/C++，Java', '大四',
   '对系统与网络安全方向感兴趣，愿意做性能或安全实验。', 'BOTH'),
  (1009, '统计学', '回归分析，时间序列，R，Python，实验设计', '大四',
   '希望做预测建模与因果分析相关课题，注重方法严谨。', 'BOTH'),
  (1010, '数据科学', '数据挖掘，机器学习，推荐系统，A/B 测试，Python', '大四',
   '关注推荐与增长，想做可评估、可复现的实验型课题。', 'BOTH');

-- 导师档案（研究方向里统一写方向 + 主讲课程，便于向量/关键词覆盖）
INSERT INTO teacher_profile (user_id, title, research_direction, max_student_count)
VALUES
  (2001, '副教授', '研究方向：数据开发、数据治理、推荐系统、教育数据挖掘；主讲课程：数据库系统、数据结构、数据挖掘、机器学习。', 10),
  (2002, '讲师',   '研究方向：软件工程、系统架构、微服务与DevOps；主讲课程：软件工程导论、软件测试、Web开发。', 10),
  (2003, '副教授', '研究方向：计算机视觉、多模态表示学习；主讲课程：深度学习、计算机视觉、Python。', 10),
  (2004, '教授',   '研究方向：金融科技、风控建模、可解释机器学习；主讲课程：计量经济学、风险管理、数据分析。', 8),
  (2005, '讲师',   '研究方向：运营优化、需求预测、商业数据分析；主讲课程：运营管理、市场分析、数据分析工具。', 10),
  (2006, '副教授', '研究方向：学习分析、教育数据挖掘、智能教学；主讲课程：教学设计、学习分析、教育测量。', 10),
  (2007, '讲师',   '研究方向：信息检索、知识图谱、检索增强生成；主讲课程：信息检索、数据库、数据治理。', 10),
  (2008, '副教授', '研究方向：系统与网络安全、性能优化；主讲课程：操作系统、计算机网络、网络安全。', 10),
  (2009, '教授',   '研究方向：统计建模、时间序列、因果推断；主讲课程：回归分析、时间序列、实验设计。', 8),
  (2010, '讲师',   '研究方向：推荐系统、A/B测试与增长分析；主讲课程：推荐系统、数据挖掘、实验设计。', 10);

-- 标签字典（可选，当前业务更多直接用 user_tag / topic_tag 冗余字段）
INSERT INTO tag (name, type) VALUES
  ('数据挖掘', 'STUDENT'),
  ('机器学习', 'STUDENT'),
  ('推荐系统', 'STUDENT'),
  ('数据库系统', 'TEACHER'),
  ('数据治理', 'TEACHER'),
  ('教育数据挖掘', 'TEACHER'),
  ('数据开发', 'TEACHER'),
  ('AIGC', 'TOPIC'),
  ('系统架构', 'TEACHER'),
  ('微服务', 'TEACHER'),
  ('计算机视觉', 'TEACHER'),
  ('风控建模', 'TEACHER'),
  ('运营优化', 'TEACHER'),
  ('学习分析', 'TEACHER'),
  ('信息检索', 'TEACHER'),
  ('网络安全', 'TEACHER'),
  ('因果推断', 'TEACHER');

-- 学生标签（既有专业也有兴趣，权重 0.30-1.00 区间）
INSERT INTO user_tag (user_id, tag_name, tag_type, weight) VALUES
  (1001, '大数据分析', 'MAJOR',    0.78),
  (1001, '数据库系统', 'MAJOR',    0.73),
  (1001, '数据结构',   'MAJOR',    0.66),
  (1001, '机器学习',   'INTEREST', 0.93),
  (1001, '数据挖掘',   'INTEREST', 0.92),
  (1001, '推荐系统',   'INTEREST', 0.88),
  (1001, '教育数据',   'INTEREST', 0.81),

  (1002, '软件工程',   'MAJOR',    0.72),
  (1002, '系统设计',   'MAJOR',    0.64),
  (1002, '微服务',     'INTEREST', 0.86),
  (1002, '后端开发',   'INTEREST', 0.83),
  (1002, 'DevOps',     'INTEREST', 0.78),

  (1003, '人工智能',   'MAJOR',    0.75),
  (1003, '深度学习',   'INTEREST', 0.91),
  (1003, '计算机视觉', 'INTEREST', 0.89),
  (1003, '多模态',     'INTEREST', 0.82),

  (1004, '金融学',     'MAJOR',    0.74),
  (1004, '风险管理',   'MAJOR',    0.66),
  (1004, '风控建模',   'INTEREST', 0.88),
  (1004, '可解释AI',   'INTEREST', 0.80),

  (1005, '运营管理',   'MAJOR',    0.70),
  (1005, '市场分析',   'MAJOR',    0.62),
  (1005, '需求预测',   'INTEREST', 0.84),
  (1005, '运营优化',   'INTEREST', 0.79),

  (1006, '教育技术',   'MAJOR',    0.72),
  (1006, '教学设计',   'MAJOR',    0.63),
  (1006, '学习分析',   'INTEREST', 0.87),
  (1006, '教育数据挖掘','INTEREST',0.85),

  (1007, '信息管理',   'MAJOR',    0.70),
  (1007, '数据治理',   'INTEREST', 0.83),
  (1007, '知识图谱',   'INTEREST', 0.79),
  (1007, '信息检索',   'INTEREST', 0.76),

  (1008, '计算机科学', 'MAJOR',    0.73),
  (1008, '操作系统',   'MAJOR',    0.66),
  (1008, '计算机网络', 'MAJOR',    0.67),
  (1008, '网络安全',   'INTEREST', 0.82),

  (1009, '统计建模',   'MAJOR',    0.74),
  (1009, '时间序列',   'INTEREST', 0.86),
  (1009, '因果推断',   'INTEREST', 0.82),

  (1010, '数据科学',   'MAJOR',    0.74),
  (1010, '推荐系统',   'INTEREST', 0.90),
  (1010, 'A/B测试',    'INTEREST', 0.84),
  (1010, '增长分析',   'INTEREST', 0.79);

-- 导师标签（导师端统一蓝色展示；后端仍可存 INTEREST，便于复用）
INSERT INTO user_tag (user_id, tag_name, tag_type, weight) VALUES
  (2001, '数据开发',     'INTEREST', 0.86),
  (2001, '数据治理',     'INTEREST', 0.83),
  (2001, '推荐系统',     'INTEREST', 0.90),
  (2001, '教育数据挖掘', 'INTEREST', 0.88),
  (2001, '数据库系统',   'INTEREST', 0.79),

  (2002, '软件工程',     'INTEREST', 0.86),
  (2002, '系统架构',     'INTEREST', 0.84),
  (2002, '微服务',       'INTEREST', 0.88),
  (2002, 'DevOps',       'INTEREST', 0.80),

  (2003, '深度学习',     'INTEREST', 0.90),
  (2003, '计算机视觉',   'INTEREST', 0.88),
  (2003, '多模态',       'INTEREST', 0.82),

  (2004, '金融科技',     'INTEREST', 0.86),
  (2004, '风控建模',     'INTEREST', 0.90),
  (2004, '可解释AI',     'INTEREST', 0.82),

  (2005, '运营优化',     'INTEREST', 0.86),
  (2005, '需求预测',     'INTEREST', 0.84),
  (2005, '商业分析',     'INTEREST', 0.78),

  (2006, '学习分析',     'INTEREST', 0.88),
  (2006, '教育数据挖掘', 'INTEREST', 0.86),
  (2006, '智能教学',     'INTEREST', 0.80),

  (2007, '信息检索',     'INTEREST', 0.86),
  (2007, '知识图谱',     'INTEREST', 0.84),
  (2007, 'RAG',          'INTEREST', 0.82),

  (2008, '网络安全',     'INTEREST', 0.88),
  (2008, '性能优化',     'INTEREST', 0.82),
  (2008, '系统设计',     'INTEREST', 0.78),

  (2009, '统计建模',     'INTEREST', 0.86),
  (2009, '时间序列',     'INTEREST', 0.88),
  (2009, '因果推断',     'INTEREST', 0.84),

  (2010, '推荐系统',     'INTEREST', 0.90),
  (2010, 'A/B测试',      'INTEREST', 0.86),
  (2010, '增长分析',     'INTEREST', 0.82);

-- 导师选题（用于学生端“开放选题”、以及申请匹配度计算）
INSERT INTO topic (id, teacher_id, title, description, status, max_applicants, current_applicants)
VALUES
  (3001, 2001,
   '基于图神经网络的课程资源推荐系统研究',
   '- 研究背景：高校在线学习平台资源繁多，学生难以高效获取与自身学习路径匹配的资源。\n'
   '- 主要内容：构建课程-知识点-资源图；设计图表示学习与召回/排序策略；实现原型系统与离线评估。\n'
   '- 能力要求：Python、推荐系统基础、图学习入门。\n'
   '- 数据/资源需求：课程资源元数据、学习行为日志（可用模拟或公开数据替代）。\n'
   '- 创新点：将学习路径与知识图结构引入推荐，兼顾可解释性与效果。',
   'OPEN', 3, 0),
  (3002, 2001,
   '面向教学管理的学生风险预警与干预策略研究',
   '- 研究背景：学业风险预警有助于提升教学管理效率与学生学习成效。\n'
   '- 主要内容：构建学业风险指标体系；训练分类/时序模型；给出可操作的干预建议并做可视化。\n'
   '- 能力要求：数据挖掘、特征工程、基础机器学习。\n'
   '- 数据/资源需求：成绩、课程、考勤等结构化数据（可脱敏或模拟）。\n'
   '- 创新点：将预测与策略建议结合，强调可解释与可落地。',
   'OPEN', 3, 0),
  (3003, 2001,
   '基于数据治理的教学数据质量评估与改进方案',
   '- 研究背景：多源教学数据口径不一致与缺失会影响分析结果可信度。\n'
   '- 主要内容：定义教学数据质量维度；设计评估指标与检测规则；提出改进方案并验证效果。\n'
   '- 能力要求：数据库、数据治理基础、数据处理工具。\n'
   '- 数据/资源需求：教务系统/学习平台数据样例（可模拟）。\n'
   '- 创新点：面向教学场景的数据质量闭环方法。',
   'OPEN', 2, 0),
  (3004, 2001,
   '基于大语言模型的学习问答助手与知识点检索增强',
   '- 研究背景：学生常见问题具有重复性，智能问答可降低教师重复答疑负担。\n'
   '- 主要内容：构建课程知识库；实现 RAG 检索增强问答；评估准确率与幻觉控制策略。\n'
   '- 能力要求：NLP/LLM 基础、向量检索、工程实现。\n'
   '- 数据/资源需求：课程讲义/题库/FAQ 文档。\n'
   '- 创新点：面向课程知识点的检索增强与可追溯答案。',
   'OPEN', 2, 0),

  (3005, 2002, '面向教务系统的微服务架构重构与灰度发布实践',
   '- 研究背景：传统单体教务系统难以快速迭代与稳定交付。\n'
   '- 主要内容：拆分服务边界；设计配置/注册/网关；实现灰度发布与回滚策略；压测与稳定性评估。\n'
   '- 能力要求：Spring Boot、Docker、基础微服务概念。\n'
   '- 数据/资源需求：可运行的教务示例系统或模拟接口。\n'
   '- 创新点：结合教学场景给出可落地的重构与发布流程。',
   'OPEN', 3, 0),
  (3006, 2002, '基于自动化测试的课程管理模块质量度量与改进',
   '- 研究背景：课程管理需求多变，缺乏测试将导致频繁回归问题。\n'
   '- 主要内容：构建测试金字塔；接口/端到端测试；引入覆盖率与缺陷度量；提出改进建议。\n'
   '- 能力要求：测试框架、持续集成基础。\n'
   '- 数据/资源需求：课程管理模块代码或可替代项目。\n'
   '- 创新点：形成可复用的质量度量与改进闭环。',
   'OPEN', 3, 0),

  (3007, 2003, '基于对比学习的课堂场景行为识别与评估',
   '- 研究背景：课堂行为识别有助于提升课堂管理与教学反馈。\n'
   '- 主要内容：数据采集/标注方案；对比学习特征；训练分类模型；评估与可视化。\n'
   '- 能力要求：深度学习、计算机视觉基础。\n'
   '- 数据/资源需求：公开视频或自采集少量数据。\n'
   '- 创新点：用对比学习提升小样本场景鲁棒性。',
   'OPEN', 2, 0),
  (3008, 2003, '面向课程知识点的多模态讲义检索与摘要生成',
   '- 研究背景：多媒体讲义碎片化，学生检索效率低。\n'
   '- 主要内容：图文/字幕特征提取；多模态检索；摘要生成；评测与误差分析。\n'
   '- 能力要求：多模态基础、NLP/检索。\n'
   '- 数据/资源需求：课程视频、讲义、字幕。\n'
   '- 创新点：检索与摘要结合提升学习效率。',
   'OPEN', 2, 0),

  (3009, 2004, '面向校园消费的异常交易识别与风险解释',
   '- 研究背景：校园支付存在异常交易与欺诈风险。\n'
   '- 主要内容：构建异常检测模型；引入可解释方法；策略阈值与监控面板。\n'
   '- 能力要求：风控建模、特征工程。\n'
   '- 数据/资源需求：脱敏交易数据或模拟数据。\n'
   '- 创新点：将解释性纳入风控流程，提高可用性。',
   'OPEN', 3, 0),
  (3010, 2004, '基于因果推断的助学政策效果评估方法研究',
   '- 研究背景：政策评估需要从相关走向因果。\n'
   '- 主要内容：设定反事实框架；倾向得分/双重差分；敏感性分析与可视化。\n'
   '- 能力要求：统计学、因果推断入门。\n'
   '- 数据/资源需求：学生资助与成绩等数据（可模拟）。\n'
   '- 创新点：给出可解释的政策效果估计流程。',
   'OPEN', 2, 0),

  (3011, 2005, '面向选题开放期的申请量预测与资源调度建议',
   '- 研究背景：开放期申请量波动大，资源调度困难。\n'
   '- 主要内容：构建预测模型；设计调度指标；给出可执行的排班/容量建议。\n'
   '- 能力要求：时间序列、数据分析。\n'
   '- 数据/资源需求：历史申请日志或模拟数据。\n'
   '- 创新点：把预测与运营建议结合形成闭环。',
   'OPEN', 3, 0),
  (3012, 2005, '基于需求预测的实验室设备预约优化研究',
   '- 研究背景：设备预约冲突与空闲并存。\n'
   '- 主要内容：需求预测；约束优化或启发式排程；仿真验证。\n'
   '- 能力要求：优化建模、Python。\n'
   '- 数据/资源需求：预约记录（可模拟）。\n'
   '- 创新点：预测+排程联合提升利用率。',
   'OPEN', 2, 0),

  (3013, 2006, '基于学习行为序列的知识点掌握度诊断',
   '- 研究背景：仅用成绩难以刻画过程性学习。\n'
   '- 主要内容：构建行为序列特征；知识追踪模型；诊断报告与可视化。\n'
   '- 能力要求：学习分析、序列建模。\n'
   '- 数据/资源需求：学习平台行为日志（可模拟/公开）。\n'
   '- 创新点：过程数据驱动的可解释诊断。',
   'OPEN', 3, 0),
  (3014, 2006, '面向在线课程的个性化学习路径推荐与解释',
   '- 研究背景：学生基础不同，统一路径效率低。\n'
   '- 主要内容：构建知识点图；路径规划；推荐解释；离线评估。\n'
   '- 能力要求：推荐系统、图模型。\n'
   '- 数据/资源需求：课程结构与学习记录。\n'
   '- 创新点：路径推荐与解释联合设计。',
   'OPEN', 2, 0),

  (3015, 2007, '基于RAG的课程知识库检索与答案可追溯机制',
   '- 研究背景：大模型回答存在幻觉，需要可追溯证据。\n'
   '- 主要内容：知识库构建；向量检索；证据链输出；评测。\n'
   '- 能力要求：信息检索、向量检索、LLM基础。\n'
   '- 数据/资源需求：课程讲义/FAQ。\n'
   '- 创新点：以证据链约束回答，提升可信度。',
   'OPEN', 2, 0),
  (3016, 2007, '面向毕业论文的选题去重与相似题检索优化',
   '- 研究背景：题目重复影响质量与审核效率。\n'
   '- 主要内容：标题/描述相似度；向量检索；阈值策略；误报漏报分析。\n'
   '- 能力要求：文本相似度、检索。\n'
   '- 数据/资源需求：历史选题库。\n'
   '- 创新点：规则+向量的混合去重策略。',
   'OPEN', 3, 0),

  (3017, 2008, '面向校园网的入侵检测与告警降噪策略研究',
   '- 研究背景：告警过多会导致运维疲劳。\n'
   '- 主要内容：特征提取；检测模型；告警聚合与降噪；验证。\n'
   '- 能力要求：网络基础、安全入门。\n'
   '- 数据/资源需求：公开流量数据集或实验环境。\n'
   '- 创新点：将降噪纳入检测闭环。',
   'OPEN', 2, 0),
  (3018, 2008, '基于性能剖析的教学平台接口响应优化实践',
   '- 研究背景：高并发下接口延迟影响用户体验。\n'
   '- 主要内容：压测；瓶颈定位；缓存/索引/异步优化；对比评测。\n'
   '- 能力要求：性能测试、数据库基础。\n'
   '- 数据/资源需求：可部署的教学平台或模拟服务。\n'
   '- 创新点：形成一套可复用的性能优化方法论。',
   'OPEN', 3, 0),

  (3019, 2009, '面向选题申请的时间序列预测与峰值预警',
   '- 研究背景：申请量存在周期与突增。\n'
   '- 主要内容：建模与预测；峰值检测；可视化预警。\n'
   '- 能力要求：时间序列、统计建模。\n'
   '- 数据/资源需求：历史申请时间戳数据。\n'
   '- 创新点：预测+预警一体化。',
   'OPEN', 2, 0),
  (3020, 2010, '基于A/B测试的推荐策略对比与因果评估',
   '- 研究背景：推荐策略需要可量化评估。\n'
   '- 主要内容：实验设计；指标体系；因果估计；结果解读与可视化。\n'
   '- 能力要求：A/B测试、统计。\n'
   '- 数据/资源需求：曝光/点击/转化日志（可模拟）。\n'
   '- 创新点：用因果视角完善推荐评估。',
   'OPEN', 3, 0);

-- 选题关键词（用于检索、展示与去重/匹配的显式标签）
INSERT INTO topic_tag (topic_id, tag_name, weight) VALUES
  (3001, '推荐系统', 0.90),
  (3001, '图神经网络', 0.85),
  (3001, '教育数据', 0.70),
  (3002, '风险预警', 0.85),
  (3002, '数据挖掘', 0.85),
  (3002, '教学管理', 0.70),
  (3003, '数据治理', 0.90),
  (3003, '数据质量', 0.88),
  (3004, '大语言模型', 0.90),
  (3004, 'RAG', 0.85),

  (3005, '微服务', 0.90),
  (3005, '系统架构', 0.82),
  (3006, '自动化测试', 0.88),
  (3006, '持续集成', 0.78),

  (3007, '计算机视觉', 0.90),
  (3007, '对比学习', 0.82),
  (3008, '多模态', 0.88),
  (3008, '信息检索', 0.76),

  (3009, '风控建模', 0.90),
  (3009, '可解释AI', 0.78),
  (3010, '因果推断', 0.90),
  (3010, '政策评估', 0.78),

  (3011, '需求预测', 0.86),
  (3011, '运营优化', 0.78),
  (3012, '优化建模', 0.86),
  (3012, '仿真验证', 0.74),

  (3013, '学习分析', 0.90),
  (3013, '知识追踪', 0.82),
  (3014, '推荐系统', 0.86),
  (3014, '知识图谱', 0.78),

  (3015, 'RAG', 0.90),
  (3015, '知识库', 0.78),
  (3016, '相似检索', 0.88),
  (3016, '去重检测', 0.78),

  (3017, '网络安全', 0.90),
  (3017, '入侵检测', 0.82),
  (3018, '性能优化', 0.88),
  (3018, '压测', 0.76),

  (3019, '时间序列', 0.90),
  (3019, '峰值预警', 0.78),
  (3020, 'A/B测试', 0.90),
  (3020, '因果评估', 0.82);

-- 可选：插一条拜师申请（用于学生端“我的申请/导师端审批”联调）
INSERT INTO mentor_application (student_id, teacher_id, status, reason)
VALUES
  (1001, 2001, 'PENDING', '希望在推荐系统与教育数据挖掘方向开展毕业论文研究。'),
  (1002, 2002, 'PENDING', '希望在微服务与系统架构方向做工程实践型毕业论文。'),
  (1003, 2003, 'PENDING', '希望在计算机视觉与多模态方向开展研究与实验。'),
  (1004, 2004, 'PENDING', '希望在金融风控与可解释建模方向完成毕业论文。'),
  (1006, 2006, 'PENDING', '希望在学习分析与教育数据挖掘方向做可落地的项目。');

-- =========================
-- 论文提交与评价（用于“协作中心/论文评价/选题质量分析”联调）
-- =========================

-- 选题申请（给出导师反馈与匹配分，便于学生端/导师端列表展示）
INSERT INTO topic_application (id, topic_id, student_id, status, remark, teacher_feedback, match_score, created_at, updated_at)
VALUES
  -- ⚠️ 硬约束：同一选题最终只能有 1 条 APPROVED（其余保留为 PENDING/REJECTED 便于导师端联调）
  (5001, 3001, 1001, 'APPROVED', '希望聚焦课程资源推荐与可解释性。', '方向匹配度高，建议从召回+排序两阶段入手，先做离线评测。', 0.9345, '2026-03-05 10:12:00', '2026-03-06 09:20:00'),
  (5002, 3001, 1006, 'PENDING',  '我有学习分析背景，想做教育数据推荐。', '先补充研究计划与数据来源说明，再决定是否通过。', 0.9012, '2026-03-05 10:18:00', '2026-03-06 09:22:00'),
  (5003, 3001, 1002, 'REJECTED', '偏工程实现，希望系统能落地。', '当前选题已被占用，建议选择相近题目或另投。', 0.8123, '2026-03-05 10:26:00', '2026-03-06 09:25:00'),

  (5004, 3005, 1002, 'APPROVED', '想做微服务拆分与灰度发布实践。', '可落地，注意边界拆分与回滚策略设计。', 0.9234, '2026-03-05 11:02:00', '2026-03-06 10:03:00'),
  (5005, 3006, 1008, 'APPROVED', '更关注测试度量与CI，想要完整报告。', '建议同时做接口测试与端到端测试，给出覆盖率与缺陷分析。', 0.8744, '2026-03-05 11:06:00', '2026-03-06 10:06:00'),

  (5006, 3009, 1004, 'APPROVED', '用异常检测做校园消费风控并解释。', '数据模拟要贴近真实分布，解释性方法请对比多种。', 0.9150, '2026-03-05 11:20:00', '2026-03-06 10:20:00'),
  (5007, 3010, 1009, 'APPROVED', '做助学政策效果评估，偏因果推断。', '关键在反事实设定与稳健性检验，建议加入敏感性分析。', 0.8899, '2026-03-05 11:25:00', '2026-03-06 10:25:00'),

  (5008, 3013, 1006, 'APPROVED', '想用学习行为序列做知识追踪与诊断。', '注意冷启动与可解释报告输出。', 0.9077, '2026-03-05 11:40:00', '2026-03-06 10:40:00'),
  (5009, 3018, 1008, 'APPROVED', '想做接口性能优化，结合压测与剖析。', '请给出瓶颈定位证据与前后对比数据。', 0.8611, '2026-03-05 11:55:00', '2026-03-06 10:55:00');

-- 论文提交（无需真实文件，只要 URL/文件名存在即可联调列表与详情）
INSERT INTO thesis (id, topic_id, student_id, file_url, file_name, file_size, status, created_at, updated_at)
VALUES
  (7001, 3001, 1001, '/uploads/thesis/t3001-s1001-demo.pdf', '课程资源推荐系统-学生01.pdf', 524288,  'REVIEWED', '2026-03-10 20:12:00', '2026-03-12 09:30:00'),
  (7002, 3001, 1006, '/uploads/thesis/t3001-s1006-demo.pdf', '教育数据推荐-学生06.pdf',       734003,  'REVIEWED', '2026-03-10 20:15:00', '2026-03-12 09:35:00'),
  (7003, 3001, 1002, '/uploads/thesis/t3001-s1002-demo.pdf', '推荐系统工程实现-学生02.pdf',   602931,  'REVIEWED', '2026-03-10 20:18:00', '2026-03-12 09:40:00'),

  (7004, 3005, 1002, '/uploads/thesis/t3005-s1002-demo.pdf', '微服务重构与灰度发布-学生02.pdf',  845312, 'REVIEWED', '2026-03-10 21:05:00', '2026-03-12 10:10:00'),
  (7005, 3006, 1008, '/uploads/thesis/t3006-s1008-demo.pdf', '自动化测试度量闭环-学生08.pdf',     688128, 'REVIEWED', '2026-03-10 21:08:00', '2026-03-12 10:12:00'),

  (7006, 3009, 1004, '/uploads/thesis/t3009-s1004-demo.pdf', '异常交易识别与解释-学生04.pdf',      781234, 'REVIEWED', '2026-03-10 21:25:00', '2026-03-12 10:30:00'),
  (7007, 3010, 1009, '/uploads/thesis/t3010-s1009-demo.pdf', '因果推断政策评估-学生09.pdf',         712222, 'REVIEWED', '2026-03-10 21:28:00', '2026-03-12 10:33:00'),

  (7008, 3013, 1006, '/uploads/thesis/t3013-s1006-demo.pdf', '知识点掌握度诊断-学生06.pdf',         655360, 'REVIEWED', '2026-03-10 21:45:00', '2026-03-12 10:50:00'),
  (7009, 3018, 1008, '/uploads/thesis/t3018-s1008-demo.pdf', '接口响应优化实践-学生08.pdf',         798720, 'REVIEWED', '2026-03-10 22:02:00', '2026-03-12 11:05:00');

-- 导师评价（论文评分 + 文字评价；同时也提供学生对论文/指导的反馈）
INSERT INTO thesis_evaluation
  (id, thesis_id, student_id, teacher_id, score, defense_score, review_score, grade_level, comment, student_score, student_comment, created_at)
VALUES
  (8001, 7001, 1001, 2001, 95.00, 94.00, 96.00, '优', '选题明确，方法设计合理，实验对比充分，可解释性分析到位。', 92.00, '指导反馈及时，建议很具体，论文写作收获很大。', '2026-03-12 09:28:00'),
  (8002, 7002, 1006, 2001, 88.00, 86.00, 89.00, '良', '数据处理规范，能结合教育场景解释结果；可进一步补充消融实验。', 90.00, '导师会给出迭代方向，讨论效率高。', '2026-03-12 09:33:00'),
  (8003, 7003, 1002, 2001, 58.00, 55.00, 60.00, '不及格', '工程实现完成度尚可，但推荐评价指标与实验设计不足，需补充对比与复现细节。', 72.00, '前期沟通顺畅，但我对推荐理论掌握不够，需要更多学习路径建议。', '2026-03-12 09:38:00'),

  (8004, 7004, 1002, 2002, 91.00, 90.00, 92.00, '优', '架构拆分清晰，灰度/回滚方案可落地，压测与故障演练数据完整。', 88.00, '导师强调工程规范，收获很大。', '2026-03-12 10:08:00'),
  (8005, 7005, 1008, 2002, 84.00, 82.00, 85.00, '良', '测试策略覆盖较全，度量体系可复用；建议增加缺陷归因与成本分析。', 86.00, '指导很细致，文档要求清晰。', '2026-03-12 10:11:00'),

  (8006, 7006, 1004, 2004, 93.00, 92.00, 94.00, '优', '异常检测与解释方法对比充分，策略阈值讨论合理，结果可迁移。', 89.00, '指导严谨，能提醒我关注合规与解释性。', '2026-03-12 10:28:00'),
  (8007, 7007, 1009, 2004, 79.00, 78.00, 80.00, '中', '因果框架正确但稳健性检验略少，建议补充敏感性与异质性分析。', 85.00, '导师会指出关键假设，讨论很有启发。', '2026-03-12 10:31:00'),

  (8008, 7008, 1006, 2006, 90.00, 88.00, 91.00, '优', '序列建模合理，诊断报告可解释；建议补充冷启动处理实验。', 91.00, '导师反馈很快，建议实用。', '2026-03-12 10:48:00'),
  (8009, 7009, 1008, 2008, 87.00, 86.00, 88.00, '良', '瓶颈定位证据充分，优化手段有效，前后对比清晰。', 87.00, '指导过程注重数据说话，很受用。', '2026-03-12 11:03:00');

-- 选题质量统计（直接插入，确保 /api/eval/teacher/topics 与 /api/eval/admin/topics 立即可查）
INSERT INTO topic_metrics
  (id, topic_id, teacher_id, total_students, avg_score, excellent_ratio, fail_ratio, last_updated_at)
VALUES
  -- topic 3001: 3 人，均分 80.33，优秀率 1/3，不及格率 1/3
  (90001, 3001, 2001, 3, 80.33, 0.3333, 0.3333, '2026-03-12 09:45:00'),
  -- topic 3005: 1 人，均分 91.00，优秀率 1.0，不及格率 0
  (90002, 3005, 2002, 1, 91.00, 1.0000, 0.0000, '2026-03-12 10:15:00'),
  -- topic 3006: 1 人，均分 84.00，优秀率 0，不及格率 0
  (90003, 3006, 2002, 1, 84.00, 0.0000, 0.0000, '2026-03-12 10:16:00'),
  -- topic 3009: 1 人，均分 93.00，优秀率 1.0，不及格率 0
  (90004, 3009, 2004, 1, 93.00, 1.0000, 0.0000, '2026-03-12 10:40:00'),
  -- topic 3010: 1 人，均分 79.00，优秀率 0，不及格率 0
  (90005, 3010, 2004, 1, 79.00, 0.0000, 0.0000, '2026-03-12 10:41:00'),
  -- topic 3013: 1 人，均分 90.00，优秀率 1.0，不及格率 0
  (90006, 3013, 2006, 1, 90.00, 1.0000, 0.0000, '2026-03-12 10:55:00'),
  -- topic 3018: 1 人，均分 87.00，优秀率 0，不及格率 0
  (90007, 3018, 2008, 1, 87.00, 0.0000, 0.0000, '2026-03-12 11:10:00');
